customer_id,total_revenue,total_units,total_orders,products_purchased,branches_used,average_order_value,customer_segment,customer_status
C0001,52640600,2656,40,30,1,1316015.0,Medium Value,Repeat Customer
C0002,61160690,3636,56,30,1,1092155.1785714286,High Value,Repeat Customer
C0003,39965740,2365,40,30,1,999143.5,Low Value,Repeat Customer
C0004,49040570,2995,47,30,1,1043416.3829787234,Medium Value,Repeat Customer
C0005,67256610,3747,51,30,1,1318757.0588235294,High Value,Repeat Customer
C0006,60992880,3221,46,30,1,1325932.1739130435,High Value,Repeat Customer
C0007,37839490,2263,36,30,1,1051096.9444444445,Low Value,Repeat Customer
C0008,38574950,2319,36,30,1,1071526.388888889,Low Value,Repeat Customer
C0009,54041610,2677,34,30,1,1589459.1176470588,Medium Value,Repeat Customer
C0010,54508210,3255,50,30,1,1090164.2,Medium Value,Repeat Customer
C0011,44933810,2717,41,30,1,1095946.5853658537,Medium Value,Repeat Customer
C0012,42822150,2001,38,30,1,1126898.6842105263,Low Value,Repeat Customer
C0013,64377720,3585,49,30,1,1313831.0204081633,High Value,Repeat Customer
C0014,43395470,2054,31,30,1,1399853.8709677418,Medium Value,Repeat Customer
C0015,51005500,2619,38,30,1,1342250.0,Medium Value,Repeat Customer
C0016,60898100,3051,41,30,1,1485319.512195122,High Value,Repeat Customer
C0017,46619950,2469,40,30,1,1165498.75,Medium Value,Repeat Customer
C0018,46340880,2257,36,30,1,1287246.6666666667,Medium Value,Repeat Customer
C0019,43064130,2359,43,30,1,1001491.3953488372,Medium Value,Repeat Customer
C0020,38461450,2338,41,30,1,938084.1463414634,Low Value,Repeat Customer
C0021,51375230,2628,47,30,1,1093090.0,Medium Value,Repeat Customer
C0022,44585750,2583,39,30,1,1143224.358974359,Medium Value,Repeat Customer
C0023,53343670,2461,37,30,1,1441720.810810811,Medium Value,Repeat Customer
C0024,49014090,2666,48,30,1,1021126.875,Medium Value,Repeat Customer
C0025,58809760,3107,44,30,1,1336585.4545454546,High Value,Repeat Customer
C0026,60102980,3118,41,30,1,1465926.3414634147,High Value,Repeat Customer
C0027,47252220,2664,44,30,1,1073914.0909090908,Medium Value,Repeat Customer
C0028,33463430,2094,34,30,1,984218.5294117647,Low Value,Repeat Customer
C0029,45653420,2565,38,30,1,1201405.7894736843,Medium Value,Repeat Customer
C0030,50515670,2832,38,30,1,1329359.7368421052,Medium Value,Repeat Customer
C0031,52182080,2659,40,30,1,1304552.0,Medium Value,Repeat Customer
C0032,58165930,3056,45,30,1,1292576.2222222222,High Value,Repeat Customer
C0033,45334540,2412,34,30,1,1333368.8235294118,Medium Value,Repeat Customer
C0034,33729240,1992,33,30,1,1022098.1818181818,Low Value,Repeat Customer
C0035,54533770,3072,46,30,1,1185516.7391304348,Medium Value,Repeat Customer
C0036,47362410,2544,39,30,1,1214420.7692307692,Medium Value,Repeat Customer
C0037,38561970,2071,38,30,1,1014788.6842105263,Low Value,Repeat Customer
C0038,52105520,2784,41,30,1,1270866.3414634147,Medium Value,Repeat Customer
C0039,53722520,3061,40,30,1,1343063.0,Medium Value,Repeat Customer
C0040,43439870,2696,45,30,1,965330.4444444445,Medium Value,Repeat Customer
C0041,60948700,3138,42,30,1,1451159.5238095238,High Value,Repeat Customer
C0042,61493750,3165,44,30,1,1397585.2272727273,High Value,Repeat Customer
C0043,39495710,2535,37,30,1,1067451.6216216215,Low Value,Repeat Customer
C0044,43843570,2372,38,30,1,1153778.1578947369,Medium Value,Repeat Customer
C0045,60965470,2991,43,30,1,1417801.6279069767,High Value,Repeat Customer
C0046,76069120,3471,51,30,1,1491551.3725490195,High Value,Repeat Customer
C0047,50441290,2568,36,30,1,1401146.9444444445,Medium Value,Repeat Customer
C0048,40336880,2181,34,30,1,1186378.8235294118,Low Value,Repeat Customer
C0049,66038070,3157,42,30,1,1572335.0,High Value,Repeat Customer
C0050,50086150,2194,30,30,1,1669538.3333333333,Medium Value,Repeat Customer
C0051,47017080,2634,37,30,1,1270731.8918918918,Medium Value,Repeat Customer
C0052,45097920,2379,37,30,1,1218862.7027027027,Medium Value,Repeat Customer
C0053,38021810,2062,31,29,1,1226510.0,Low Value,Repeat Customer
C0054,56103080,2612,42,30,1,1335787.619047619,Medium Value,Repeat Customer
C0055,53940970,2941,37,30,1,1457864.054054054,Medium Value,Repeat Customer
C0056,51714180,2686,38,30,1,1360899.4736842106,Medium Value,Repeat Customer
C0057,41341790,2363,35,30,1,1181194.0,Low Value,Repeat Customer
C0058,44614910,2554,41,30,1,1088168.536585366,Medium Value,Repeat Customer
C0059,47904570,2659,39,30,1,1228322.3076923077,Medium Value,Repeat Customer
C0060,64410620,3565,50,30,1,1288212.4,High Value,Repeat Customer
C0061,31227160,1620,32,30,1,975848.75,Low Value,Repeat Customer
C0062,63839240,3113,38,30,1,1679980.0,High Value,Repeat Customer
C0063,60573240,2940,43,30,1,1408680.0,High Value,Repeat Customer
C0064,52021770,2521,39,30,1,1333891.5384615385,Medium Value,Repeat Customer
C0065,59050070,2912,41,30,1,1440245.6097560977,High Value,Repeat Customer
C0066,47238780,2739,38,30,1,1243125.7894736843,Medium Value,Repeat Customer
C0067,44311920,2337,33,30,1,1342785.4545454546,Medium Value,Repeat Customer
C0068,46858170,2597,42,30,1,1115670.7142857143,Medium Value,Repeat Customer
C0069,64878390,3746,52,30,1,1247661.3461538462,High Value,Repeat Customer
C0070,68783440,3393,48,30,1,1432988.3333333333,High Value,Repeat Customer
C0071,60419160,3399,47,30,1,1285514.0425531915,High Value,Repeat Customer
C0072,47027920,2183,30,30,1,1567597.3333333333,Medium Value,Repeat Customer
C0073,48992520,2361,36,30,1,1360903.3333333333,Medium Value,Repeat Customer
C0074,46570120,2880,45,30,1,1034891.5555555555,Medium Value,Repeat Customer
C0075,43533480,2375,35,30,1,1243813.7142857143,Medium Value,Repeat Customer
C0076,68416560,3370,49,30,1,1396256.3265306123,High Value,Repeat Customer
C0077,49739710,2610,38,30,1,1308939.7368421052,Medium Value,Repeat Customer
C0078,34591140,2156,33,30,1,1048216.3636363636,Low Value,Repeat Customer
C0079,37415140,1990,33,30,1,1133792.121212121,Low Value,Repeat Customer
C0080,50588120,2978,46,30,1,1099741.7391304348,Medium Value,Repeat Customer
C0081,49127920,2922,40,30,1,1228198.0,Medium Value,Repeat Customer
C0082,63866170,3363,50,30,1,1277323.4,High Value,Repeat Customer
C0083,74075280,3739,50,30,1,1481505.6,High Value,Repeat Customer
C0084,71147780,3136,47,30,1,1513782.5531914893,High Value,Repeat Customer
C0085,55654550,2714,44,30,1,1264876.1363636365,Medium Value,Repeat Customer
C0086,47920240,2141,30,30,1,1597341.3333333333,Medium Value,Repeat Customer
C0087,41444460,2659,41,30,1,1010840.487804878,Low Value,Repeat Customer
C0088,49923700,2536,39,30,1,1280094.8717948718,Medium Value,Repeat Customer
C0089,40101850,2383,40,30,1,1002546.25,Low Value,Repeat Customer
C0090,44051020,2830,45,30,1,978911.5555555555,Medium Value,Repeat Customer
C0091,33399030,2175,32,30,1,1043719.6875,Low Value,Repeat Customer
C0092,38901670,2301,41,30,1,948821.2195121951,Low Value,Repeat Customer
C0093,49642790,2768,41,30,1,1210799.756097561,Medium Value,Repeat Customer
C0094,39474600,2188,33,30,1,1196200.0,Low Value,Repeat Customer
C0095,46147160,2419,31,30,1,1488618.064516129,Medium Value,Repeat Customer
C0096,47646050,2626,40,30,1,1191151.25,Medium Value,Repeat Customer
C0097,43037580,2152,30,30,1,1434586.0,Medium Value,Repeat Customer
C0098,45007740,2478,37,30,1,1216425.4054054054,Medium Value,Repeat Customer
C0099,52019750,3268,52,30,1,1000379.8076923077,Medium Value,Repeat Customer
C0100,40056040,2513,42,30,1,953715.2380952381,Low Value,Repeat Customer
C0101,52693260,3023,43,30,1,1225424.6511627906,Medium Value,Repeat Customer
C0102,62773480,2984,38,30,1,1651933.6842105263,High Value,Repeat Customer
C0103,62476630,3102,42,30,1,1487538.8095238095,High Value,Repeat Customer
C0104,35121810,2259,36,30,1,975605.8333333334,Low Value,Repeat Customer
C0105,52573780,2885,46,30,1,1142908.2608695652,Medium Value,Repeat Customer
C0106,47644410,2876,42,30,1,1134390.7142857143,Medium Value,Repeat Customer
C0107,70691460,4068,52,30,1,1359451.1538461538,High Value,Repeat Customer
C0108,33566370,1870,26,30,1,1291014.2307692308,Low Value,Repeat Customer
C0109,57909360,3451,48,30,1,1206445.0,High Value,Repeat Customer
C0110,74097790,3776,44,30,1,1684040.6818181819,High Value,Repeat Customer
C0111,46609900,2663,39,30,1,1195125.641025641,Medium Value,Repeat Customer
C0112,47047550,2724,40,30,1,1176188.75,Medium Value,Repeat Customer
C0113,65271430,2941,42,30,1,1554081.6666666667,High Value,Repeat Customer
C0114,43340450,2643,36,30,1,1203901.388888889,Medium Value,Repeat Customer
C0115,38312450,2177,33,30,1,1160983.3333333333,Low Value,Repeat Customer
C0116,60134220,3001,40,30,1,1503355.5,High Value,Repeat Customer
C0117,35972400,2207,35,30,1,1027782.8571428572,Low Value,Repeat Customer
C0118,42906280,2549,39,30,1,1100161.0256410257,Low Value,Repeat Customer
C0119,65855380,3605,58,30,1,1135437.5862068965,High Value,Repeat Customer
C0120,41105250,2534,36,30,1,1141812.5,Low Value,Repeat Customer
C0121,39128960,1978,36,30,1,1086915.5555555555,Low Value,Repeat Customer
C0122,42300750,2233,33,29,1,1281840.9090909092,Low Value,Repeat Customer
C0123,55075400,2661,37,30,1,1488524.3243243243,Medium Value,Repeat Customer
C0124,51329600,3341,47,30,1,1092119.1489361702,Medium Value,Repeat Customer
C0125,38490080,2036,36,30,1,1069168.888888889,Low Value,Repeat Customer
C0126,55322000,2621,39,30,1,1418512.8205128205,Medium Value,Repeat Customer
C0127,43586400,2386,31,30,1,1406012.9032258065,Medium Value,Repeat Customer
C0128,57387360,2697,39,30,1,1471470.7692307692,Medium Value,Repeat Customer
C0129,64690070,3191,40,30,1,1617251.75,High Value,Repeat Customer
C0130,47762000,2666,41,30,1,1164926.8292682928,Medium Value,Repeat Customer
C0131,57656260,2892,39,30,1,1478365.641025641,Medium Value,Repeat Customer
C0132,40004370,2419,39,30,1,1025753.0769230769,Low Value,Repeat Customer
C0133,42807750,2030,31,30,1,1380895.1612903227,Low Value,Repeat Customer
C0134,71908050,3863,50,30,1,1438161.0,High Value,Repeat Customer
C0135,61465530,3145,45,30,1,1365900.6666666667,High Value,Repeat Customer
C0136,41124050,2411,42,30,1,979144.0476190476,Low Value,Repeat Customer
C0137,44868410,2094,28,30,1,1602443.2142857143,Medium Value,Repeat Customer
C0138,54457080,2943,41,30,1,1328221.463414634,Medium Value,Repeat Customer
C0139,38021440,2222,36,30,1,1056151.111111111,Low Value,Repeat Customer
C0140,58201560,3053,44,30,1,1322762.7272727273,High Value,Repeat Customer
C0141,59888120,2727,40,30,1,1497203.0,High Value,Repeat Customer
C0142,68942040,3418,48,30,1,1436292.5,High Value,Repeat Customer
C0143,39164970,2049,29,30,1,1350516.2068965517,Low Value,Repeat Customer
C0144,42387320,2282,31,30,1,1367332.9032258065,Low Value,Repeat Customer
C0145,29769500,1984,37,30,1,804581.0810810811,Low Value,Repeat Customer
C0146,49274960,2579,33,30,1,1493180.606060606,Medium Value,Repeat Customer
C0147,45513830,2494,36,30,1,1264273.0555555555,Medium Value,Repeat Customer
C0148,46876850,2357,40,30,1,1171921.25,Medium Value,Repeat Customer
C0149,57543220,2828,42,30,1,1370076.6666666667,Medium Value,Repeat Customer
C0150,35468440,2121,34,29,1,1043189.4117647059,Low Value,Repeat Customer
C0151,35615980,2127,31,30,1,1148902.5806451612,Low Value,Repeat Customer
C0152,49749000,3018,41,30,1,1213390.243902439,Medium Value,Repeat Customer
C0153,85877020,4256,59,30,1,1455542.7118644067,High Value,Repeat Customer
C0154,61178520,3157,46,30,1,1329967.8260869565,High Value,Repeat Customer
C0155,35744630,2002,36,30,1,992906.3888888889,Low Value,Repeat Customer
C0156,53295180,2505,36,30,1,1480421.6666666667,Medium Value,Repeat Customer
C0157,51879830,2754,38,30,1,1365258.6842105263,Medium Value,Repeat Customer
C0158,48735540,2445,37,30,1,1317176.7567567567,Medium Value,Repeat Customer
C0159,44984320,2691,36,30,1,1249564.4444444445,Medium Value,Repeat Customer
C0160,59980970,3197,49,30,1,1224101.4285714286,High Value,Repeat Customer
C0161,54232700,3152,43,30,1,1261225.5813953488,Medium Value,Repeat Customer
C0162,53940730,2375,30,30,1,1798024.3333333333,Medium Value,Repeat Customer
C0163,40457330,2598,40,30,1,1011433.25,Low Value,Repeat Customer
C0164,46613620,2466,39,30,1,1195221.0256410257,Medium Value,Repeat Customer
C0165,63180540,3586,51,30,1,1238834.1176470588,High Value,Repeat Customer
C0166,58111030,2812,34,30,1,1709147.9411764706,High Value,Repeat Customer
C0167,41587150,2402,35,30,1,1188204.2857142857,Low Value,Repeat Customer
C0168,61195700,3157,38,30,1,1610413.1578947369,High Value,Repeat Customer
C0169,63375830,3130,44,30,1,1440359.7727272727,High Value,Repeat Customer
C0170,37935380,2167,32,30,1,1185480.625,Low Value,Repeat Customer
C0171,53338800,2524,36,30,1,1481633.3333333333,Medium Value,Repeat Customer
C0172,56707730,2786,42,30,1,1350184.0476190476,Medium Value,Repeat Customer
C0173,50058960,2876,36,30,1,1390526.6666666667,Medium Value,Repeat Customer
C0174,29047310,1916,34,30,1,854332.6470588235,Low Value,Repeat Customer
C0175,53235590,2665,41,30,1,1298429.024390244,Medium Value,Repeat Customer
C0176,54048740,2963,44,30,1,1228380.4545454546,Medium Value,Repeat Customer
C0177,31520790,2178,30,30,1,1050693.0,Low Value,Repeat Customer
C0178,76367620,3957,58,30,1,1316683.103448276,High Value,Repeat Customer
C0179,35257010,2354,35,30,1,1007343.1428571428,Low Value,Repeat Customer
C0180,26408930,2147,31,29,1,851900.9677419355,Low Value,Repeat Customer
C0181,47189990,2681,40,30,1,1179749.75,Medium Value,Repeat Customer
C0182,35873070,2103,32,30,1,1121033.4375,Low Value,Repeat Customer
C0183,32501510,2115,32,30,1,1015672.1875,Low Value,Repeat Customer
C0184,57050360,2846,35,30,1,1630010.2857142857,Medium Value,Repeat Customer
C0185,45894360,2520,39,30,1,1176778.4615384615,Medium Value,Repeat Customer
C0186,60717650,2994,42,30,1,1445658.3333333333,High Value,Repeat Customer
C0187,38937400,2049,31,30,1,1256045.1612903227,Low Value,Repeat Customer
C0188,48293510,2764,45,30,1,1073189.111111111,Medium Value,Repeat Customer
C0189,54638690,3262,41,30,1,1332650.975609756,Medium Value,Repeat Customer
C0190,49869830,2539,38,30,1,1312363.9473684211,Medium Value,Repeat Customer
C0191,56028890,2309,31,30,1,1807383.5483870967,Medium Value,Repeat Customer
C0192,59390920,2799,43,30,1,1381184.1860465116,High Value,Repeat Customer
C0193,57786600,3001,44,30,1,1313331.8181818181,High Value,Repeat Customer
C0194,39279180,1845,36,30,1,1091088.3333333333,Low Value,Repeat Customer
C0195,46367090,2247,33,30,1,1405063.3333333333,Medium Value,Repeat Customer
C0196,61286970,3483,54,30,1,1134943.888888889,High Value,Repeat Customer
C0197,66821570,3431,50,30,1,1336431.4,High Value,Repeat Customer
C0198,51107370,2497,38,30,1,1344930.7894736843,Medium Value,Repeat Customer
C0199,41788400,2572,38,30,1,1099694.7368421052,Low Value,Repeat Customer
C0200,73304770,3792,52,30,1,1409707.1153846155,High Value,Repeat Customer
C0201,66387120,3466,49,30,1,1354839.1836734693,High Value,Repeat Customer
C0202,46256330,2704,35,30,1,1321609.4285714286,Medium Value,Repeat Customer
C0203,43333790,2453,37,30,1,1171183.5135135136,Medium Value,Repeat Customer
C0204,34104450,2029,33,30,1,1033468.1818181818,Low Value,Repeat Customer
C0205,53896570,2580,39,30,1,1381963.3333333333,Medium Value,Repeat Customer
C0206,75741580,3567,46,30,1,1646556.0869565217,High Value,Repeat Customer
C0207,79795630,3583,51,30,1,1564620.1960784313,High Value,Repeat Customer
C0208,40653790,2464,34,30,1,1195699.705882353,Low Value,Repeat Customer
C0209,56741580,3052,46,30,1,1233512.608695652,Medium Value,Repeat Customer
C0210,42817450,2125,32,30,1,1338045.3125,Low Value,Repeat Customer
C0211,50253990,3416,45,30,1,1116755.3333333333,Medium Value,Repeat Customer
C0212,38459600,2096,35,30,1,1098845.7142857143,Low Value,Repeat Customer
C0213,53323570,2288,32,30,1,1666361.5625,Medium Value,Repeat Customer
C0214,42524620,2449,35,30,1,1214989.142857143,Low Value,Repeat Customer
C0215,62827530,3911,53,30,1,1185425.0943396227,High Value,Repeat Customer
C0216,60089830,3001,46,30,1,1306300.652173913,High Value,Repeat Customer
C0217,49708160,2466,38,30,1,1308109.4736842106,Medium Value,Repeat Customer
C0218,43621310,2735,45,30,1,969362.4444444445,Medium Value,Repeat Customer
C0219,62317920,3279,48,30,1,1298290.0,High Value,Repeat Customer
C0220,43066280,2805,47,30,1,916303.8297872341,Medium Value,Repeat Customer
C0221,64336800,2968,44,30,1,1462200.0,High Value,Repeat Customer
C0222,48043620,2779,44,30,1,1091900.4545454546,Medium Value,Repeat Customer
C0223,43216770,2430,34,30,1,1271081.4705882352,Medium Value,Repeat Customer
C0224,45785060,2639,40,30,1,1144626.5,Medium Value,Repeat Customer
C0225,56839930,2972,51,30,1,1114508.431372549,Medium Value,Repeat Customer
C0226,39194740,2327,28,30,1,1399812.142857143,Low Value,Repeat Customer
C0227,51113410,2412,39,30,1,1310600.2564102565,Medium Value,Repeat Customer
C0228,51601040,2375,36,30,1,1433362.2222222222,Medium Value,Repeat Customer
C0229,36130700,1653,29,30,1,1245886.2068965517,Low Value,Repeat Customer
C0230,53600640,3170,41,30,1,1307332.6829268292,Medium Value,Repeat Customer
C0231,52413100,2916,39,30,1,1343925.641025641,Medium Value,Repeat Customer
C0232,49272940,2856,41,30,1,1201779.024390244,Medium Value,Repeat Customer
C0233,42607030,2463,34,30,1,1253147.9411764706,Low Value,Repeat Customer
C0234,63256170,2845,33,30,1,1916853.6363636365,High Value,Repeat Customer
C0235,53090300,2933,43,30,1,1234658.1395348837,Medium Value,Repeat Customer
C0236,55730670,2825,47,30,1,1185758.9361702127,Medium Value,Repeat Customer
C0237,59754510,2776,46,30,1,1299011.0869565217,High Value,Repeat Customer
C0238,30976180,1995,32,30,1,968005.625,Low Value,Repeat Customer
C0239,43671220,2334,38,30,1,1149242.6315789474,Medium Value,Repeat Customer
C0240,81776260,3799,50,30,1,1635525.2,High Value,Repeat Customer
C0241,71234710,3441,46,30,1,1548580.652173913,High Value,Repeat Customer
C0242,60722930,3189,50,30,1,1214458.6,High Value,Repeat Customer
C0243,39757700,2421,34,30,1,1169344.1176470588,Low Value,Repeat Customer
C0244,64972160,3292,48,30,1,1353586.6666666667,High Value,Repeat Customer
C0245,46663320,2417,37,30,1,1261170.810810811,Medium Value,Repeat Customer
C0246,61368980,2548,37,30,1,1658621.0810810812,High Value,Repeat Customer
C0247,55849110,2998,42,30,1,1329740.7142857143,Medium Value,Repeat Customer
C0248,35510400,1809,30,30,1,1183680.0,Low Value,Repeat Customer
C0249,52709760,2725,40,30,1,1317744.0,Medium Value,Repeat Customer
C0250,63230590,3308,45,30,1,1405124.2222222222,High Value,Repeat Customer
C0251,50171060,2446,39,30,1,1286437.435897436,Medium Value,Repeat Customer
C0252,39885550,2324,38,30,1,1049619.7368421052,Low Value,Repeat Customer
C0253,59006480,3155,40,30,1,1475162.0,High Value,Repeat Customer
C0254,75547750,3634,52,30,1,1452841.3461538462,High Value,Repeat Customer
C0255,60102490,3492,49,30,1,1226581.4285714286,High Value,Repeat Customer
C0256,49845250,2639,34,30,1,1466036.7647058824,Medium Value,Repeat Customer
C0257,60172930,3363,45,30,1,1337176.2222222222,High Value,Repeat Customer
C0258,54371200,2559,31,30,1,1753909.677419355,Medium Value,Repeat Customer
C0259,52219040,2602,37,30,1,1411325.4054054054,Medium Value,Repeat Customer
C0260,52018150,2743,38,30,1,1368898.6842105263,Medium Value,Repeat Customer
C0261,57586180,3010,40,30,1,1439654.5,Medium Value,Repeat Customer
C0262,38179240,2116,30,30,1,1272641.3333333333,Low Value,Repeat Customer
C0263,55123450,2906,40,30,1,1378086.25,Medium Value,Repeat Customer
C0264,56501370,2551,39,30,1,1448753.076923077,Medium Value,Repeat Customer
C0265,44129000,2390,33,30,1,1337242.4242424243,Medium Value,Repeat Customer
C0266,46658690,2667,37,30,1,1261045.6756756757,Medium Value,Repeat Customer
C0267,38686930,2205,33,30,1,1172331.2121212122,Low Value,Repeat Customer
C0268,54298750,2712,37,30,1,1467533.7837837837,Medium Value,Repeat Customer
C0269,58480890,3360,48,30,1,1218351.875,High Value,Repeat Customer
C0270,57707880,3044,46,30,1,1254519.1304347827,High Value,Repeat Customer
C0271,34224570,1929,28,29,1,1222306.0714285714,Low Value,Repeat Customer
C0272,64345280,3277,43,30,1,1496401.8604651163,High Value,Repeat Customer
C0273,50756990,2755,40,30,1,1268924.75,Medium Value,Repeat Customer
C0274,50332620,2573,42,30,1,1198395.7142857143,Medium Value,Repeat Customer
C0275,52499270,2920,47,30,1,1117005.744680851,Medium Value,Repeat Customer
C0276,62626530,3459,49,30,1,1278092.448979592,High Value,Repeat Customer
C0277,35987190,2337,38,30,1,947031.3157894737,Low Value,Repeat Customer
C0278,47124980,3072,45,30,1,1047221.7777777778,Medium Value,Repeat Customer
C0279,30576800,2104,28,30,1,1092028.5714285714,Low Value,Repeat Customer
C0280,50723520,3026,47,30,1,1079223.829787234,Medium Value,Repeat Customer
C0281,41345180,2247,31,30,1,1333715.4838709678,Low Value,Repeat Customer
C0282,61527530,3781,51,30,1,1206422.156862745,High Value,Repeat Customer
C0283,36153120,2160,33,30,1,1095549.0909090908,Low Value,Repeat Customer
C0284,61309650,3369,45,30,1,1362436.6666666667,High Value,Repeat Customer
C0285,44949370,2931,51,30,1,881360.1960784313,Medium Value,Repeat Customer
C0286,50682130,2975,39,30,1,1299541.7948717948,Medium Value,Repeat Customer
C0287,43261120,2332,36,30,1,1201697.7777777778,Medium Value,Repeat Customer
C0288,84094790,4626,63,30,1,1334837.9365079366,High Value,Repeat Customer
C0289,45171030,2569,40,30,1,1129275.75,Medium Value,Repeat Customer
C0290,51960040,2872,46,30,1,1129566.0869565217,Medium Value,Repeat Customer
C0291,73179030,3766,54,30,1,1355167.2222222222,High Value,Repeat Customer
C0292,30669960,1714,31,30,1,989353.5483870967,Low Value,Repeat Customer
C0293,57398730,3173,42,30,1,1366636.4285714286,Medium Value,Repeat Customer
C0294,69115310,4025,51,30,1,1355202.156862745,High Value,Repeat Customer
C0295,63205470,3270,46,30,1,1374031.956521739,High Value,Repeat Customer
C0296,46533710,2593,41,30,1,1134968.536585366,Medium Value,Repeat Customer
C0297,62422580,3033,39,30,1,1600578.9743589743,High Value,Repeat Customer
C0298,42797160,2423,37,30,1,1156680.0,Low Value,Repeat Customer
C0299,42381340,2565,37,30,1,1145441.6216216215,Low Value,Repeat Customer
C0300,60578170,3058,44,30,1,1376776.5909090908,High Value,Repeat Customer
C0301,50854440,2645,47,30,1,1082009.3617021276,Medium Value,Repeat Customer
C0302,51978350,2575,42,30,1,1237579.761904762,Medium Value,Repeat Customer
C0303,30524560,1997,31,30,1,984663.2258064516,Low Value,Repeat Customer
C0304,71638560,3790,51,30,1,1404677.6470588236,High Value,Repeat Customer
C0305,41460360,2044,33,30,1,1256374.5454545454,Low Value,Repeat Customer
C0306,57049240,2868,47,30,1,1213813.6170212766,Medium Value,Repeat Customer
C0307,68834490,3291,48,30,1,1434051.875,High Value,Repeat Customer
C0308,42189220,2371,36,30,1,1171922.7777777778,Low Value,Repeat Customer
C0309,30418360,1893,32,30,1,950573.75,Low Value,Repeat Customer
C0310,51400980,2987,41,30,1,1253682.4390243902,Medium Value,Repeat Customer
C0311,61951490,3214,46,30,1,1346771.5217391304,High Value,Repeat Customer
C0312,52920140,2866,40,30,1,1323003.5,Medium Value,Repeat Customer
C0313,41705840,2205,32,30,1,1303307.5,Low Value,Repeat Customer
C0314,54595560,2829,45,30,1,1213234.6666666667,Medium Value,Repeat Customer
C0315,50056680,2834,42,30,1,1191825.7142857143,Medium Value,Repeat Customer
C0316,40257180,2180,38,30,1,1059399.4736842106,Low Value,Repeat Customer
C0317,40944770,2529,38,30,1,1077493.9473684211,Low Value,Repeat Customer
C0318,58005460,2957,41,30,1,1414767.3170731708,High Value,Repeat Customer
C0319,54752580,2936,37,30,1,1479799.4594594594,Medium Value,Repeat Customer
C0320,42807100,2146,35,30,1,1223060.0,Low Value,Repeat Customer
C0321,48683300,2813,42,30,1,1159126.1904761905,Medium Value,Repeat Customer
C0322,32591500,1995,29,30,1,1123844.8275862068,Low Value,Repeat Customer
C0323,45380540,2573,40,30,1,1134513.5,Medium Value,Repeat Customer
C0324,43386470,2585,38,30,1,1141749.2105263157,Medium Value,Repeat Customer
C0325,44540760,1858,33,30,1,1349720.0,Medium Value,Repeat Customer
C0326,55349670,3035,47,30,1,1177652.5531914893,Medium Value,Repeat Customer
C0327,48891270,2718,45,30,1,1086472.6666666667,Medium Value,Repeat Customer
C0328,53610980,2732,40,30,1,1340274.5,Medium Value,Repeat Customer
C0329,50414010,2480,36,30,1,1400389.1666666667,Medium Value,Repeat Customer
C0330,45803070,2863,41,30,1,1117148.0487804879,Medium Value,Repeat Customer
C0331,54547840,3434,44,30,1,1239723.6363636365,Medium Value,Repeat Customer
C0332,41463910,2412,39,30,1,1063177.1794871795,Low Value,Repeat Customer
C0333,51934490,2957,42,30,1,1236535.4761904762,Medium Value,Repeat Customer
C0334,34503010,2057,37,30,1,932513.7837837838,Low Value,Repeat Customer
C0335,52685710,3174,43,30,1,1225249.0697674418,Medium Value,Repeat Customer
C0336,36133900,2261,39,30,1,926510.2564102564,Low Value,Repeat Customer
C0337,58199500,2775,35,30,1,1662842.857142857,High Value,Repeat Customer
C0338,43157630,2320,38,30,1,1135727.105263158,Medium Value,Repeat Customer
C0339,40846800,1972,27,30,1,1512844.4444444445,Low Value,Repeat Customer
C0340,55130110,2785,39,30,1,1413592.564102564,Medium Value,Repeat Customer
C0341,55626730,2834,38,30,1,1463861.3157894737,Medium Value,Repeat Customer
C0342,78469470,3725,44,30,1,1783397.0454545454,High Value,Repeat Customer
C0343,59151480,2906,45,30,1,1314477.3333333333,High Value,Repeat Customer
C0344,39253370,2125,30,30,1,1308445.6666666667,Low Value,Repeat Customer
C0345,44678620,2735,44,30,1,1015423.1818181818,Medium Value,Repeat Customer
C0346,42873560,2411,39,30,1,1099322.0512820513,Low Value,Repeat Customer
C0347,22852400,1584,27,30,1,846385.1851851852,Low Value,Repeat Customer
C0348,43554630,2618,35,30,1,1244418.0,Medium Value,Repeat Customer
C0349,51806430,2751,36,30,1,1439067.5,Medium Value,Repeat Customer
C0350,39052200,2189,37,30,1,1055464.8648648649,Low Value,Repeat Customer
C0351,37753190,2488,38,30,1,993505.0,Low Value,Repeat Customer
C0352,41846330,2463,37,30,1,1130981.8918918918,Low Value,Repeat Customer
C0353,28192110,1935,30,30,1,939737.0,Low Value,Repeat Customer
C0354,48835850,2800,41,30,1,1191118.2926829269,Medium Value,Repeat Customer
C0355,57761570,2851,40,30,1,1444039.25,High Value,Repeat Customer
C0356,62479450,3218,45,30,1,1388432.2222222222,High Value,Repeat Customer
C0357,48125180,2173,32,30,1,1503911.875,Medium Value,Repeat Customer
C0358,53790030,2669,40,30,1,1344750.75,Medium Value,Repeat Customer
C0359,78412380,3851,52,30,1,1507930.3846153845,High Value,Repeat Customer
C0360,47187810,2454,34,30,1,1387876.7647058824,Medium Value,Repeat Customer
C0361,46126450,2366,35,30,1,1317898.5714285714,Medium Value,Repeat Customer
C0362,44698950,2667,42,30,1,1064260.7142857143,Medium Value,Repeat Customer
C0363,50237880,2801,37,30,1,1357780.5405405406,Medium Value,Repeat Customer
C0364,48290310,2656,38,30,1,1270797.6315789474,Medium Value,Repeat Customer
C0365,52500540,3234,47,30,1,1117032.7659574468,Medium Value,Repeat Customer
C0366,36772070,1771,30,30,1,1225735.6666666667,Low Value,Repeat Customer
C0367,48346630,2403,31,30,1,1559568.7096774194,Medium Value,Repeat Customer
C0368,42468360,2185,33,30,1,1286920.0,Low Value,Repeat Customer
C0369,59977870,3047,46,30,1,1303866.7391304348,High Value,Repeat Customer
C0370,45980090,2621,41,30,1,1121465.6097560977,Medium Value,Repeat Customer
C0371,71366470,3092,51,30,1,1399342.549019608,High Value,Repeat Customer
C0372,41848360,2270,37,30,1,1131036.7567567567,Low Value,Repeat Customer
C0373,60942770,3071,43,30,1,1417273.7209302327,High Value,Repeat Customer
C0374,58464410,3203,46,30,1,1270965.4347826086,High Value,Repeat Customer
C0375,65579710,3155,44,30,1,1490447.9545454546,High Value,Repeat Customer
C0376,49197710,2814,35,30,1,1405648.857142857,Medium Value,Repeat Customer
C0377,56674980,2878,40,30,1,1416874.5,Medium Value,Repeat Customer
C0378,49279070,2762,42,30,1,1173311.1904761905,Medium Value,Repeat Customer
C0379,52506820,3010,44,30,1,1193336.8181818181,Medium Value,Repeat Customer
C0380,71455250,4063,58,30,1,1231987.0689655172,High Value,Repeat Customer
C0381,53603960,2374,34,30,1,1576587.0588235294,Medium Value,Repeat Customer
C0382,39722420,2710,37,30,1,1073578.9189189188,Low Value,Repeat Customer
C0383,56328200,2872,43,30,1,1309958.1395348837,Medium Value,Repeat Customer
C0384,64311810,3384,42,30,1,1531233.5714285714,High Value,Repeat Customer
C0385,60053350,2949,42,30,1,1429841.6666666667,High Value,Repeat Customer
C0386,42278620,2488,38,30,1,1112595.2631578948,Low Value,Repeat Customer
C0387,43291870,2894,38,30,1,1139259.7368421052,Medium Value,Repeat Customer
C0388,41959050,2182,34,30,1,1234089.705882353,Low Value,Repeat Customer
C0389,44362320,2232,33,30,1,1344312.7272727273,Medium Value,Repeat Customer
C0390,52697070,2582,35,30,1,1505630.5714285714,Medium Value,Repeat Customer
C0391,42554570,2274,35,30,1,1215844.857142857,Low Value,Repeat Customer
C0392,37128430,1945,34,30,1,1092012.6470588236,Low Value,Repeat Customer
C0393,45246830,2367,42,30,1,1077305.4761904762,Medium Value,Repeat Customer
C0394,66611310,3405,46,30,1,1448071.956521739,High Value,Repeat Customer
C0395,50643860,2938,44,30,1,1150996.8181818181,Medium Value,Repeat Customer
C0396,52935440,2897,40,30,1,1323386.0,Medium Value,Repeat Customer
C0397,47355040,2720,41,30,1,1155000.975609756,Medium Value,Repeat Customer
C0398,53653050,3153,43,30,1,1247745.3488372094,Medium Value,Repeat Customer
C0399,49461920,2656,42,30,1,1177664.761904762,Medium Value,Repeat Customer
C0400,42250310,2330,38,30,1,1111850.2631578948,Low Value,Repeat Customer
C0401,48565440,2505,38,30,1,1278037.894736842,Medium Value,Repeat Customer
C0402,40181870,2501,39,30,1,1030304.358974359,Low Value,Repeat Customer
C0403,66810710,3658,49,30,1,1363483.8775510204,High Value,Repeat Customer
C0404,44973650,2374,35,30,1,1284961.4285714286,Medium Value,Repeat Customer
C0405,44240650,2259,37,30,1,1195693.2432432433,Medium Value,Repeat Customer
C0406,55494220,2628,37,30,1,1499843.7837837837,Medium Value,Repeat Customer
C0407,51590180,2773,43,30,1,1199771.6279069767,Medium Value,Repeat Customer
C0408,54619740,2900,39,30,1,1400506.1538461538,Medium Value,Repeat Customer
C0409,47755320,2971,45,30,1,1061229.3333333333,Medium Value,Repeat Customer
C0410,49311570,2714,42,30,1,1174085.0,Medium Value,Repeat Customer
C0411,61125740,3012,46,30,1,1328820.4347826086,High Value,Repeat Customer
C0412,38694470,2070,37,30,1,1045796.4864864865,Low Value,Repeat Customer
C0413,54533070,3109,46,30,1,1185501.5217391304,Medium Value,Repeat Customer
C0414,54269830,2672,44,30,1,1233405.2272727273,Medium Value,Repeat Customer
C0415,57595000,3025,36,30,1,1599861.111111111,Medium Value,Repeat Customer
C0416,42362580,2911,43,30,1,985176.2790697674,Low Value,Repeat Customer
C0417,44665420,2290,36,30,1,1240706.111111111,Medium Value,Repeat Customer
C0418,39210750,2243,32,30,1,1225335.9375,Low Value,Repeat Customer
C0419,49492260,2293,34,30,1,1455654.705882353,Medium Value,Repeat Customer
C0420,82700390,4133,54,30,1,1531488.7037037036,High Value,Repeat Customer
C0421,69154590,3405,45,30,1,1536768.6666666667,High Value,Repeat Customer
C0422,61810690,3019,44,30,1,1404788.4090909092,High Value,Repeat Customer
C0423,43818650,2455,35,30,1,1251961.4285714286,Medium Value,Repeat Customer
C0424,50065860,3059,38,30,1,1317522.6315789474,Medium Value,Repeat Customer
C0425,57482400,2773,44,30,1,1306418.1818181819,Medium Value,Repeat Customer
C0426,47615070,2623,40,30,1,1190376.75,Medium Value,Repeat Customer
C0427,47425980,2646,46,30,1,1030999.5652173914,Medium Value,Repeat Customer
C0428,56913820,3061,45,30,1,1264751.5555555555,Medium Value,Repeat Customer
C0429,56178520,2856,44,30,1,1276784.5454545454,Medium Value,Repeat Customer
C0430,37535780,2199,29,30,1,1294337.2413793104,Low Value,Repeat Customer
C0431,39337010,2010,31,30,1,1268935.8064516129,Low Value,Repeat Customer
C0432,43308880,2547,41,30,1,1056314.1463414633,Medium Value,Repeat Customer
C0433,51222820,3012,38,30,1,1347968.9473684211,Medium Value,Repeat Customer
C0434,42930130,2174,35,30,1,1226575.142857143,Medium Value,Repeat Customer
C0435,66153460,3742,57,30,1,1160587.0175438595,High Value,Repeat Customer
C0436,49724270,2905,38,30,1,1308533.4210526317,Medium Value,Repeat Customer
C0437,38523930,2097,32,30,1,1203872.8125,Low Value,Repeat Customer
C0438,52796800,3016,45,30,1,1173262.2222222222,Medium Value,Repeat Customer
C0439,49820310,2755,43,30,1,1158611.8604651163,Medium Value,Repeat Customer
C0440,67904760,3555,47,30,1,1444782.1276595744,High Value,Repeat Customer
C0441,41532900,2635,35,30,1,1186654.2857142857,Low Value,Repeat Customer
C0442,47299810,2373,36,30,1,1313883.611111111,Medium Value,Repeat Customer
C0443,52360250,2920,43,30,1,1217680.2325581396,Medium Value,Repeat Customer
C0444,46629480,2853,35,30,1,1332270.857142857,Medium Value,Repeat Customer
C0445,48822870,2285,30,30,1,1627429.0,Medium Value,Repeat Customer
C0446,43391360,2401,36,30,1,1205315.5555555555,Medium Value,Repeat Customer
C0447,58830780,3115,39,30,1,1508481.5384615385,High Value,Repeat Customer
C0448,53741830,2535,37,30,1,1452481.8918918918,Medium Value,Repeat Customer
C0449,49669150,2543,37,30,1,1342409.4594594594,Medium Value,Repeat Customer
C0450,48802430,2678,43,30,1,1134940.2325581396,Medium Value,Repeat Customer
C0451,41063830,2397,42,30,1,977710.2380952381,Low Value,Repeat Customer
C0452,39890320,2639,42,30,1,949769.5238095238,Low Value,Repeat Customer
C0453,51744150,2909,36,30,1,1437337.5,Medium Value,Repeat Customer
C0454,36757440,2154,37,30,1,993444.3243243244,Low Value,Repeat Customer
C0455,57607900,2848,40,30,1,1440197.5,Medium Value,Repeat Customer
C0456,26909060,1677,29,30,1,927898.6206896552,Low Value,Repeat Customer
C0457,48077820,2723,35,30,1,1373652.0,Medium Value,Repeat Customer
C0458,48276200,2970,43,30,1,1122702.3255813953,Medium Value,Repeat Customer
C0459,62289100,3116,45,30,1,1384202.2222222222,High Value,Repeat Customer
C0460,56715420,2905,36,30,1,1575428.3333333333,Medium Value,Repeat Customer
C0461,55770880,3079,42,30,1,1327878.0952380951,Medium Value,Repeat Customer
C0462,72302020,3826,52,30,1,1390423.4615384615,High Value,Repeat Customer
C0463,45761800,2670,36,30,1,1271161.111111111,Medium Value,Repeat Customer
C0464,52911390,2845,39,30,1,1356702.3076923077,Medium Value,Repeat Customer
C0465,42438980,2713,39,30,1,1088178.9743589743,Low Value,Repeat Customer
C0466,78342990,3880,52,30,1,1506595.9615384615,High Value,Repeat Customer
C0467,53206760,2898,55,30,1,967395.6363636364,Medium Value,Repeat Customer
C0468,70116180,3955,56,30,1,1252074.642857143,High Value,Repeat Customer
C0469,55971040,3044,44,30,1,1272069.0909090908,Medium Value,Repeat Customer
C0470,42659850,2622,44,30,1,969542.0454545454,Low Value,Repeat Customer
C0471,58365420,3064,42,30,1,1389652.857142857,High Value,Repeat Customer
C0472,45819430,2818,37,30,1,1238362.972972973,Medium Value,Repeat Customer
C0473,40406800,2056,31,30,1,1303445.1612903227,Low Value,Repeat Customer
C0474,42219110,2257,35,30,1,1206260.2857142857,Low Value,Repeat Customer
C0475,76825820,4343,58,30,1,1324583.103448276,High Value,Repeat Customer
C0476,65951870,2530,38,30,1,1735575.5263157894,High Value,Repeat Customer
C0477,45390380,2745,37,30,1,1226767.027027027,Medium Value,Repeat Customer
C0478,61995630,3323,47,30,1,1319055.9574468085,High Value,Repeat Customer
C0479,31298140,1874,29,30,1,1079246.2068965517,Low Value,Repeat Customer
C0480,45569160,2491,37,30,1,1231598.9189189188,Medium Value,Repeat Customer
C0481,47983990,2894,40,30,1,1199599.75,Medium Value,Repeat Customer
C0482,64020490,2843,36,30,1,1778346.9444444445,High Value,Repeat Customer
C0483,85183900,3846,53,30,1,1607243.3962264152,High Value,Repeat Customer
C0484,41941080,2368,31,30,1,1352938.064516129,Low Value,Repeat Customer
C0485,52472400,2620,34,30,1,1543305.8823529412,Medium Value,Repeat Customer
C0486,53820770,3174,42,30,1,1281446.9047619049,Medium Value,Repeat Customer
C0487,36312870,1910,31,30,1,1171382.9032258065,Low Value,Repeat Customer
C0488,58528170,3168,40,30,1,1463204.25,High Value,Repeat Customer
C0489,61811660,3366,51,30,1,1211993.3333333333,High Value,Repeat Customer
C0490,73710890,4114,50,30,1,1474217.8,High Value,Repeat Customer
C0491,61370730,2861,32,30,1,1917835.3125,High Value,Repeat Customer
C0492,51225690,2768,37,30,1,1384478.1081081082,Medium Value,Repeat Customer
C0493,52616240,3145,45,30,1,1169249.7777777778,Medium Value,Repeat Customer
C0494,37868420,2140,32,30,1,1183388.125,Low Value,Repeat Customer
C0495,82914040,3819,52,30,1,1594500.7692307692,High Value,Repeat Customer
C0496,49977230,2547,41,30,1,1218956.8292682928,Medium Value,Repeat Customer
C0497,42503770,2411,33,30,1,1287993.0303030303,Low Value,Repeat Customer
C0498,52056060,2160,30,30,1,1735202.0,Medium Value,Repeat Customer
C0499,57171990,2851,44,30,1,1299363.4090909092,Medium Value,Repeat Customer
C0500,36693490,2099,29,30,1,1265292.7586206896,Low Value,Repeat Customer
