product_id,product_name,unit_cost,safety_stock,reorder_level,max_stock_level,lead_time_days,units_sold,safety_stock_value,reorder_stock_value,maximum_stock_value
P001,Hydraulic Pump HP-300,18950,10,15,40,21,45389,189500,284250,758000
P002,Engine Oil Filter OF-90,450,40,80,200,7,45342,18000,36000,90000
P003,Air Filter AF-120,820,30,60,150,7,45684,24600,49200,123000
P004,Track Chain TC-45,32500,4,8,20,30,45575,130000,260000,650000
P005,Fuel Injector FI-220,6350,15,30,80,18,45026,95250,190500,508000
P006,Alternator ALT-500,8650,6,12,30,20,46731,51900,103800,259500
P007,Hydraulic Hose HH-60,980,35,70,200,10,46468,34300,68600,196000
P008,Bucket Tooth BT-10,340,60,120,300,12,45376,20400,40800,102000
P009,Starter Motor SM-700,11450,5,10,25,22,44946,57250,114500,286250
P010,Turbocharger TB-900,28900,3,6,15,28,46964,86700,173400,433500
P011,Hydraulic Cylinder HC-200,21500,5,10,25,24,46612,107500,215000,537500
P012,Brake Pad BP-40,1800,20,40,120,10,45972,36000,72000,216000
P013,Seal Kit SK-15,950,40,80,200,9,44081,38000,76000,190000
P014,Transmission Assembly TA-800,68500,2,4,12,35,45035,137000,274000,822000
P015,Engine Block EB-600,95500,2,3,8,40,45222,191000,286500,764000
P016,Radiator RD-250,7800,10,20,60,16,46306,78000,156000,468000
P017,Fan Belt FB-30,320,25,50,150,5,45578,8000,16000,48000
P018,Wheel Rim WR-24,8200,6,12,30,20,45027,49200,98400,246000
P019,Swing Motor SWM-350,31200,3,6,15,24,45971,93600,187200,468000
P020,Pivot Pin PP-12,750,45,90,250,8,45340,33750,67500,187500
P021,Boom Cylinder BC-400,35600,3,5,20,26,46364,106800,178000,712000
P022,Control Valve CV-75,12800,5,10,30,18,45819,64000,128000,384000
P023,Idler Wheel IW-55,9200,3,6,18,20,44437,27600,55200,165600
P024,Track Roller TR-60,7400,4,8,22,22,44022,29600,59200,162800
P025,Cabin Glass CG-20,5600,6,12,40,14,45598,33600,67200,224000
P026,Grease Cartridge GC-5,180,100,200,500,4,44844,18000,36000,90000
P027,O-Ring Set OR-50,260,80,150,400,5,45678,20800,39000,104000
P028,Light Assembly LA-18,1450,20,40,100,9,46164,29000,58000,145000
P029,Pressure Sensor PS-90,2750,12,25,60,8,47066,33000,68750,165000
P030,Fuel Pump FP-350,16400,5,10,25,18,45897,82000,164000,410000
