order_date,active_customers
2019-01-31,215
2019-02-28,185
2019-03-31,228
2019-04-30,219
2019-05-31,215
2019-06-30,209
2019-07-31,230
2019-08-31,239
2019-09-30,204
2019-10-31,205
2019-11-30,218
2019-12-31,211
2020-01-31,202
2020-02-29,195
2020-03-31,195
2020-04-30,198
2020-05-31,233
2020-06-30,212
2020-07-31,244
2020-08-31,219
2020-09-30,215
2020-10-31,214
2020-11-30,217
2020-12-31,219
2021-01-31,220
2021-02-28,216
2021-03-31,204
2021-04-30,220
2021-05-31,208
2021-06-30,213
2021-07-31,223
2021-08-31,201
2021-09-30,212
2021-10-31,219
2021-11-30,229
2021-12-31,221
2022-01-31,220
2022-02-28,203
2022-03-31,224
2022-04-30,202
2022-05-31,232
2022-06-30,214
2022-07-31,199
2022-08-31,227
2022-09-30,219
2022-10-31,213
2022-11-30,198
2022-12-31,210
2023-01-31,206
2023-02-28,196
2023-03-31,229
2023-04-30,209
2023-05-31,214
2023-06-30,206
2023-07-31,209
2023-08-31,222
2023-09-30,230
2023-10-31,199
2023-11-30,207
2023-12-31,215
2024-01-31,231
2024-02-29,213
2024-03-31,212
2024-04-30,211
2024-05-31,188
2024-06-30,211
2024-07-31,211
2024-08-31,216
2024-09-30,217
2024-10-31,218
2024-11-30,216
2024-12-31,194
