order_date,revenue,units,orders,customers,revenue_growth
2019-01-31,392951210,19023,286,215,
2019-02-28,281974060,15213,237,185,-28.241966731696788
2019-03-31,368326180,19796,294,228,30.624136135075688
2019-04-30,368885680,19672,281,219,0.15190340257649204
2019-05-31,364324690,20130,285,215,-1.2364237072038153
2019-06-30,349101010,18943,271,209,-4.1786023340883105
2019-07-31,398285610,21398,290,230,14.088930879919248
2019-08-31,378476380,20690,297,239,-4.973624329535786
2019-09-30,327429320,18280,272,204,-13.487515389996062
2019-10-31,350047720,18189,264,205,6.9078725142879716
2019-11-30,347343600,18893,294,218,-0.7725003893754856
2019-12-31,313009840,17463,265,211,-9.884667516545576
2020-01-31,344476000,18104,273,202,10.0527702260095
2020-02-29,302530350,17232,247,195,-12.176653816231031
2020-03-31,348644830,19000,257,195,15.242926866676342
2020-04-30,326825510,17359,248,198,-6.258323119261511
2020-05-31,390087550,21350,320,233,19.356518406412036
2020-06-30,340126790,18090,265,212,-12.80757614540633
2020-07-31,429255230,23537,333,244,26.20447510177013
2020-08-31,407732980,22685,294,219,-5.01385853819416
2020-09-30,352835480,18442,265,215,-13.46408132106458
2020-10-31,338214480,18035,272,214,-4.143857641527438
2020-11-30,344774160,19603,287,217,1.9395030041292172
2020-12-31,394043830,20225,297,219,14.29041840026526
2021-01-31,376010890,19601,283,220,-4.576379231721505
2021-02-28,352421960,18961,270,216,-6.273469898704265
2021-03-31,336988670,18327,265,204,-4.379207811000196
2021-04-30,353973940,18245,278,220,5.040308921958703
2021-05-31,330419100,17986,271,208,-6.654399473588368
2021-06-30,330486730,17879,271,213,0.020467945103663787
2021-07-31,337100070,18677,282,223,2.0010909363894935
2021-08-31,364567330,19718,256,201,8.148102728071226
2021-09-30,351274940,18680,277,212,-3.6460727295558826
2021-10-31,366036550,21254,302,219,4.2022952163909055
2021-11-30,355543770,20157,307,229,-2.8665935136805376
2021-12-31,395988590,20847,303,221,11.375482686702675
2022-01-31,356761440,20170,289,220,-9.906131386260398
2022-02-28,323782500,16682,246,203,-9.243975469994737
2022-03-31,373132850,19026,285,224,15.241821284349832
2022-04-30,335667010,18251,263,202,-10.04088490198598
2022-05-31,388237960,20903,306,232,15.661637406666795
2022-06-30,338985710,17812,266,214,-12.686098494850938
2022-07-31,336471190,18093,262,199,-0.7417775811257687
2022-08-31,379471030,20195,293,227,12.779649871360466
2022-09-30,350608970,18347,264,219,-7.605866513709891
2022-10-31,374677670,19290,278,213,6.864827217626512
2022-11-30,346547710,17876,256,198,-7.507775950458962
2022-12-31,342372380,18390,271,210,-1.204835547751848
2023-01-31,314755010,17161,260,206,-8.0664713666447
2023-02-28,335486970,17542,253,196,6.586697380924922
2023-03-31,393630030,20785,298,229,17.33094432847868
2023-04-30,399295140,19937,278,209,1.4391965978815202
2023-05-31,326893700,18032,293,214,-18.13231185333235
2023-06-30,346736650,19078,271,206,6.070153692163549
2023-07-31,344006350,18886,277,209,-0.7874275765195282
2023-08-31,373797220,19588,295,222,8.659976770777632
2023-09-30,380093280,21091,311,230,1.684351745580126
2023-10-31,343621060,18217,265,199,-9.595597164990654
2023-11-30,335658470,18002,267,207,-2.317259017826212
2023-12-31,339001500,18608,278,215,0.9959617583908953
2024-01-31,374371710,19921,305,231,10.433644098919913
2024-02-29,340878920,18443,260,213,-8.946399822785756
2024-03-31,333840930,19151,282,212,-2.0646597918111187
2024-04-30,318555000,16983,263,211,-4.578806439342231
2024-05-31,326434300,17714,243,188,2.4734504245734756
2024-06-30,351105300,19269,274,211,7.557722947619161
2024-07-31,340990310,18594,279,211,-2.8808992629846375
2024-08-31,337495540,19486,288,216,-1.0248883611971293
2024-09-30,378860380,19800,297,217,12.256410855088639
2024-10-31,391009730,19525,283,218,3.2068146054227142
2024-11-30,335130770,18462,288,216,-14.290938488922
2024-12-31,328512840,17540,254,194,-1.9747306402214226
