product_id,product_name,total_revenue,total_units,total_orders,customers_served,branches_served,average_revenue_per_order,revenue_score,unit_score,order_score,performance_score,performance_category
P015,Engine Block EB-600,5381418000,45222,3773,499,6,1426296.8460111318,100.0,96.08209748013428,94.7513812154696,97.7749054871342,High Performance
P014,Transmission Assembly TA-800,3760422500,45035,3838,500,6,979786.9984366858,69.87791136090897,95.68478307058173,96.3837267704671,82.92113595572242,High Performance
P021,Boom Cylinder BC-400,2142016800,46364,3873,500,6,553063.9814097598,39.80394758407542,98.50847745718778,97.26268206931191,68.90705344305643,High Performance
P019,Swing Motor SWM-350,1829645800,45971,3849,499,6,475356.1444531047,33.999325084949724,97.67347979433137,96.65996986438975,65.63370045365222,High Performance
P004,Track Chain TC-45,1813885000,45575,3781,500,6,479736.84210526315,33.70645060465476,96.83210810351422,94.95228528377699,64.89331479013704,High Performance
P010,Turbocharger TB-900,1639043600,46964,3933,500,6,416741.31706076785,30.457466786635045,99.78328304933498,98.76946258161728,64.91761082444148,High Performance
P011,Hydraulic Cylinder HC-200,1286491200,46612,3982,500,6,323076.6449020593,23.906174915236093,99.03539710194195,100.0,61.66370658820063,High Performance
P001,Hydraulic Pump HP-300,1112030500,45389,3854,500,6,288539.3098079917,20.664265440818756,96.43691836994859,96.78553490708187,58.620315212810326,High Performance
P030,Fuel Pump FP-350,1005144300,45897,3856,500,6,260670.20228215767,18.678056601438506,97.51625377129987,96.8357609241587,57.96105661694095,Medium Performance
P022,Control Valve CV-75,774341100,45819,3892,500,6,198957.11716341213,14.389164714578945,97.35052904432074,97.73982923154195,55.94770691689408,Medium Performance
P009,Starter Motor SM-700,669695400,44946,3784,499,6,176980.81395348837,12.444589883186923,95.49568690774657,95.02762430939227,53.87652587579589,Medium Performance
P023,Idler Wheel IW-55,575459150,44437,3754,500,6,153292.26158763986,10.693448269582479,94.41422683040837,94.27423405323958,52.52583899456167,Medium Performance
P006,Alternator ALT-500,523387200,46731,3936,500,6,132974.39024390245,9.725823193812486,99.28823354438448,98.84480160723254,54.41834198166809,Medium Performance
P018,Wheel Rim WR-24,508805100,45027,3839,500,6,132535.84266736128,9.454851862464503,95.66778566268644,96.40883977900553,52.70952958583929,Medium Performance
P016,Radiator RD-250,472321200,46306,3934,500,6,120061.31164209456,8.776891146534242,98.38524624994687,98.7945755901557,53.662934566282324,Medium Performance
P024,Track Roller TR-60,453426600,44022,3762,500,6,120528.0701754386,8.42578294419798,93.53248629583989,94.47513812154696,51.16766498516035,Medium Performance
P005,Fuel Injector FI-220,380469700,45026,3840,500,6,99080.65104166667,7.0700640611823875,95.66566098669954,96.43395278754396,51.52152088410985,Medium Performance
P025,Cabin Glass CG-20,357944300,45598,3853,500,6,92900.15572281339,6.651486652774417,96.88097565121319,96.76042189854344,51.74212040145986,Medium Performance
P029,Pressure Sensor PS-90,185910700,47066,3882,500,6,47890.44307058217,3.454678673910854,100.0,97.48869914615771,51.22507916618697,Medium Performance
P012,Brake Pad BP-40,112631400,45972,3883,500,6,29006.28380118465,2.0929688048763357,97.67560447031828,97.51381215469614,49.851928174472874,Medium Performance
P028,Light Assembly LA-18,103869000,46164,3917,500,6,26517.48787337248,1.9301418325058564,98.08354225980538,98.3676544450025,50.06366448319504,Medium Performance
P007,Hydraulic Hose HH-60,67378600,46468,3906,499,6,17250.025601638506,1.252060330567148,98.72944375982662,98.09141135107986,49.86314556344753,Medium Performance
P013,Seal Kit SK-15,63917450,44081,3783,499,6,16895.968807824476,1.187743639315883,93.6578421790677,95.00251130085384,47.69172673354902,Low Performance
P003,Air Filter AF-120,57105000,45684,3895,500,6,14661.103979460848,1.061151540356092,97.06369778608762,97.8151682571572,49.212718757435766,Low Performance
P020,Pivot Pin PP-12,52141000,45340,3823,500,6,13638.765367512426,0.9689081948289466,96.33280924658989,96.00703164239076,48.58570319986959,Low Performance
P002,Engine Oil Filter OF-90,32646240,45342,3861,500,6,8455.384615384615,0.6066475415959139,96.33705859856371,96.96132596685084,48.59670654373724,Low Performance
P008,Bucket Tooth BT-10,26318080,45376,3860,500,6,6818.155440414508,0.48905474356387113,96.40929758211873,96.93621295831241,48.55455923808003,Low Performance
P017,Fan Belt FB-30,23700560,45578,3913,500,6,6056.87707641196,0.44041477543651136,96.83848213147495,98.26720241084882,48.9251925093305,Low Performance
P027,O-Ring Set OR-50,21925440,45678,3860,500,6,5680.165803108808,0.4074286740037663,97.05094973016615,96.93621295831241,48.70624184771421,Low Performance
P026,Grease Cartridge GC-5,13901640,44844,3823,500,6,3636.3170285116403,0.25832670868533164,95.27896995708154,96.00703164239076,47.91426066994528,Low Performance
