branch_id,product_id,product_name,total_units,total_revenue,total_orders,customers,warehouse_revenue_share
AHM001,P001,Hydraulic Pump HP-300,7642,187229000,644,88,4.247591567780378
AHM001,P002,Engine Oil Filter OF-90,7772,5595840,663,88,0.1269506475954481
AHM001,P003,Air Filter AF-120,8090,10112500,682,88,0.22941835788889048
AHM001,P004,Track Chain TC-45,8107,322658600,670,88,7.3200302764626315
AHM001,P005,Fuel Injector FI-220,7979,67422550,677,88,1.5295891921564018
AHM001,P006,Alternator ALT-500,7530,84336000,642,88,1.913298059917673
AHM001,P007,Hydraulic Hose HH-60,7974,11562300,668,88,0.2623094071118634
AHM001,P008,Bucket Tooth BT-10,7899,4581420,668,88,0.1039368952483877
AHM001,P009,Starter Motor SM-700,8014,119408600,655,88,2.7089765072743006
AHM001,P010,Turbocharger TB-900,8125,283562500,672,88,6.4330722480957725
AHM001,P011,Hydraulic Cylinder HC-200,8001,220827600,696,88,5.009829949917899
AHM001,P012,Brake Pad BP-40,8540,20923000,717,88,0.4746719705423244
AHM001,P013,Seal Kit SK-15,7628,11060600,667,87,0.25092753416720515
AHM001,P014,Transmission Assembly TA-800,7593,634015500,646,88,14.38366327674698
AHM001,P015,Engine Block EB-600,8164,971516000,675,88,22.040405971103418
AHM001,P016,Radiator RD-250,8095,82569000,689,88,1.873210817555283
AHM001,P017,Fan Belt FB-30,7604,3954080,672,88,0.08970467644611164
AHM001,P018,Wheel Rim WR-24,7566,85495800,633,88,1.9396099918315948
AHM001,P019,Swing Motor SWM-350,7847,312310600,661,88,7.085269221586563
AHM001,P020,Pivot Pin PP-12,7629,8773350,637,88,0.1990375822184917
AHM001,P021,Boom Cylinder BC-400,8125,375375000,682,88,8.515986758224205
AHM001,P022,Control Valve CV-75,7875,133087500,641,88,3.0193043960976724
AHM001,P023,Idler Wheel IW-55,7416,96037200,621,88,2.1787586373544574
AHM001,P024,Track Roller TR-60,7956,81946800,687,88,1.8590952079356566
AHM001,P025,Cabin Glass CG-20,7605,59699250,650,88,1.3543736862495275
AHM001,P026,Grease Cartridge GC-5,8016,2484960,655,88,0.05637532189068749
AHM001,P027,O-Ring Set OR-50,7923,3803040,674,88,0.08627809065866661
AHM001,P028,Light Assembly LA-18,8356,18801000,695,88,0.42653098112919946
AHM001,P029,Pressure Sensor PS-90,8123,32085850,663,88,0.7279192107262552
AHM001,P030,Fuel Pump FP-350,7153,156650700,639,88,3.5538735580860537
CHN001,P001,Hydraulic Pump HP-300,9466,231917000,796,102,4.466706705506769
CHN001,P002,Engine Oil Filter OF-90,9536,6865920,804,102,0.13223718357633563
CHN001,P003,Air Filter AF-120,9540,11925000,817,102,0.22967474339167984
CHN001,P004,Track Chain TC-45,9200,366160000,782,102,7.052218368159119
CHN001,P005,Fuel Injector FI-220,9295,78542750,803,102,1.5127283816794015
CHN001,P006,Alternator ALT-500,9709,108740800,830,102,2.094340908696518
CHN001,P007,Hydraulic Hose HH-60,9426,13667700,808,102,0.26323903482217714
CHN001,P008,Bucket Tooth BT-10,9588,5561040,822,102,0.10710527756736832
CHN001,P009,Starter Motor SM-700,9566,142533400,806,102,2.7451842406493636
CHN001,P010,Turbocharger TB-900,9390,327711000,796,102,6.311693067641995
CHN001,P011,Hydraulic Cylinder HC-200,9300,256680000,790,102,4.9436405143628
CHN001,P012,Brake Pad BP-40,8592,21050400,737,102,0.4054293684102488
CHN001,P013,Seal Kit SK-15,9078,13163100,753,102,0.2535204708376537
CHN001,P014,Transmission Assembly TA-800,9557,798009500,801,102,15.369612338500858
CHN001,P015,Engine Block EB-600,8869,1055411000,766,102,20.327148897086474
CHN001,P016,Radiator RD-250,9247,94319400,774,102,1.8165856596945247
CHN001,P017,Fan Belt FB-30,9760,5075200,820,102,0.09774802999257472
CHN001,P018,Wheel Rim WR-24,9579,108242700,783,102,2.0847475342995874
CHN001,P019,Swing Motor SWM-350,9351,372169800,780,102,7.167966734853905
CHN001,P020,Pivot Pin PP-12,8829,10153350,766,102,0.19555287679798006
CHN001,P021,Boom Cylinder BC-400,9435,435897000,789,102,8.395348563539041
CHN001,P022,Control Valve CV-75,9251,156341900,801,102,3.0111350745381693
CHN001,P023,Idler Wheel IW-55,9594,124242300,795,102,2.3928988151691493
CHN001,P024,Track Roller TR-60,9136,94100800,770,102,1.812375437564091
CHN001,P025,Cabin Glass CG-20,9515,74692750,786,102,1.43857762595127
CHN001,P026,Grease Cartridge GC-5,9109,2823790,795,102,0.05438601623832215
CHN001,P027,O-Ring Set OR-50,9505,4562400,776,102,0.08787153452831867
CHN001,P028,Light Assembly LA-18,8834,19876500,768,102,0.38282012889096223
CHN001,P029,Pressure Sensor PS-90,9390,37090500,769,102,0.7143606767101972
CHN001,P030,Fuel Pump FP-350,9799,214598100,790,102,4.133145790343148
DEL001,P001,Hydraulic Pump HP-300,7125,174562500,622,71,4.5153790960192035
DEL001,P002,Engine Oil Filter OF-90,6924,4985280,589,71,0.12895340694480553
DEL001,P003,Air Filter AF-120,6849,8561250,582,71,0.22145242698629092
DEL001,P004,Track Chain TC-45,6657,264948600,547,71,6.853381281544167
DEL001,P005,Fuel Injector FI-220,6898,58288100,565,71,1.5077285687743758
DEL001,P006,Alternator ALT-500,6953,77873600,571,71,2.0143434332789747
DEL001,P007,Hydraulic Hose HH-60,6947,10073150,584,71,0.2605604923226113
DEL001,P008,Bucket Tooth BT-10,7108,4122640,573,71,0.10663964182692509
DEL001,P009,Starter Motor SM-700,6030,89847000,503,70,2.324057375667955
DEL001,P010,Turbocharger TB-900,6789,236936100,572,71,6.128786612430022
DEL001,P011,Hydraulic Cylinder HC-200,7086,195573600,582,71,5.058869718142335
DEL001,P012,Brake Pad BP-40,7102,17399900,590,71,0.45008031354285455
DEL001,P013,Seal Kit SK-15,6153,8921850,541,71,0.2307800070909785
DEL001,P014,Transmission Assembly TA-800,7198,601033000,598,71,15.546820446646386
DEL001,P015,Engine Block EB-600,6921,823599000,578,71,21.303898077206274
DEL001,P016,Radiator RD-250,7204,73480800,617,71,1.9007156077552045
DEL001,P017,Fan Belt FB-30,6380,3317600,552,71,0.08581580630979341
DEL001,P018,Wheel Rim WR-24,6417,72512100,558,71,1.8756584062926123
DEL001,P019,Swing Motor SWM-350,7755,308649000,641,71,7.983772245512245
DEL001,P020,Pivot Pin PP-12,7284,8376600,610,71,0.21667611620889057
DEL001,P021,Boom Cylinder BC-400,6396,295495200,555,71,7.643525093041253
DEL001,P022,Control Valve CV-75,6769,114396100,564,71,2.9590648541704114
DEL001,P023,Idler Wheel IW-55,7022,90934900,580,71,2.3521979036654304
DEL001,P024,Track Roller TR-60,5882,60584600,520,71,1.5671317515542287
DEL001,P025,Cabin Glass CG-20,6319,49604150,522,71,1.2831022813364896
DEL001,P026,Grease Cartridge GC-5,6636,2057160,579,71,0.0532122148867418
DEL001,P027,O-Ring Set OR-50,6713,3222240,567,71,0.08334914508188712
DEL001,P028,Light Assembly LA-18,6961,15662250,584,71,0.4051328105785995
DEL001,P029,Pressure Sensor PS-90,6756,26686200,570,71,0.690287488046904
DEL001,P030,Fuel Pump FP-350,7500,164250000,627,71,4.248627377135147
HYD001,P001,Hydraulic Pump HP-300,6199,151875500,535,68,4.39878093158624
HYD001,P002,Engine Oil Filter OF-90,6059,4362480,512,68,0.1263508191803572
HYD001,P003,Air Filter AF-120,5836,7295000,509,68,0.21128560495880913
HYD001,P004,Track Chain TC-45,5843,232551400,495,68,6.735402773545991
HYD001,P005,Fuel Injector FI-220,6184,52254800,526,68,1.5134594969159123
HYD001,P006,Alternator ALT-500,6929,77604800,565,68,2.2476733537638642
HYD001,P007,Hydraulic Hose HH-60,6504,9430800,543,68,0.2731449325902039
HYD001,P008,Bucket Tooth BT-10,6427,3727660,527,68,0.107964482272893
HYD001,P009,Starter Motor SM-700,6488,96671200,542,68,2.799894855941608
HYD001,P010,Turbocharger TB-900,6333,221021700,543,68,6.401467250654479
HYD001,P011,Hydraulic Cylinder HC-200,6200,171120000,549,68,4.956160756758248
HYD001,P012,Brake Pad BP-40,6722,16468900,557,68,0.47698992453819494
HYD001,P013,Seal Kit SK-15,6205,8997250,526,68,0.26058799303847097
HYD001,P014,Transmission Assembly TA-800,6055,505592500,524,68,14.643511614138
HYD001,P015,Engine Block EB-600,6054,720426000,502,67,20.865749587122007
HYD001,P016,Radiator RD-250,6356,64831200,533,68,1.8777106665120695
HYD001,P017,Fan Belt FB-30,6029,3135080,513,68,0.09080154549612932
HYD001,P018,Wheel Rim WR-24,6124,69201200,537,68,2.0042792879884224
HYD001,P019,Swing Motor SWM-350,6050,240790000,504,67,6.974017932560884
HYD001,P020,Pivot Pin PP-12,6814,7836100,564,68,0.2269575228262816
HYD001,P021,Boom Cylinder BC-400,6636,306583200,538,68,8.879591073640517
HYD001,P022,Control Valve CV-75,6207,104898300,532,68,3.0381769396368266
HYD001,P023,Idler Wheel IW-55,5642,73063900,484,68,2.1161549434064337
HYD001,P024,Track Roller TR-60,6103,62860900,504,68,1.8206447271768615
HYD001,P025,Cabin Glass CG-20,6793,53325050,563,68,1.5444572239491083
HYD001,P026,Grease Cartridge GC-5,6756,2094360,569,68,0.060659097957715076
HYD001,P027,O-Ring Set OR-50,5871,2818080,514,68,0.08162025190162041
HYD001,P028,Light Assembly LA-18,6691,15054750,566,68,0.43603179729316405
HYD001,P029,Pressure Sensor PS-90,6634,26204300,539,68,0.7589570086390847
HYD001,P030,Fuel Pump FP-350,6419,140576100,523,68,4.071515604009603
KOL001,P001,Hydraulic Pump HP-300,8539,209205500,703,96,4.369685144640796
KOL001,P002,Engine Oil Filter OF-90,8571,6171120,734,96,0.12889647447029698
KOL001,P003,Air Filter AF-120,8920,11150000,761,96,0.23289057583450187
KOL001,P004,Track Chain TC-45,8605,342479000,703,96,7.153375024325055
KOL001,P005,Fuel Injector FI-220,8212,69391400,717,96,1.4493814443015474
KOL001,P006,Alternator ALT-500,8824,98828800,753,96,2.0642418063706565
KOL001,P007,Hydraulic Hose HH-60,8562,12414900,709,95,0.2593106017872428
KOL001,P008,Bucket Tooth BT-10,8039,4662620,712,96,0.09738836382936907
KOL001,P009,Starter Motor SM-700,8038,119766200,693,96,2.501562267579383
KOL001,P010,Turbocharger TB-900,9485,331026500,780,96,6.914166116724639
KOL001,P011,Hydraulic Cylinder HC-200,8958,247240800,764,96,5.164130249487257
KOL001,P012,Brake Pad BP-40,8083,19803350,688,96,0.4136335053768774
KOL001,P013,Seal Kit SK-15,8623,12503350,732,96,0.2611580611085488
KOL001,P014,Transmission Assembly TA-800,8071,673928500,704,96,14.076376361998394
KOL001,P015,Engine Block EB-600,8611,1024709000,710,96,21.403145208322563
KOL001,P016,Radiator RD-250,8344,85108800,730,96,1.7776715193348387
KOL001,P017,Fan Belt FB-30,8722,4535440,747,96,0.09473194917155454
KOL001,P018,Wheel Rim WR-24,8834,99824200,739,96,2.085032773113765
KOL001,P019,Swing Motor SWM-350,8663,344787400,723,96,7.201590683989304
KOL001,P020,Pivot Pin PP-12,7998,9197700,684,96,0.19211279366394599
KOL001,P021,Boom Cylinder BC-400,8861,409378200,733,96,8.550701769694339
KOL001,P022,Control Valve CV-75,8614,145576600,752,96,3.040665309599009
KOL001,P023,Idler Wheel IW-55,8164,105723800,700,96,2.208257996539167
KOL001,P024,Track Roller TR-60,8596,88538800,720,96,1.849314091093793
KOL001,P025,Cabin Glass CG-20,8837,69370450,756,96,1.4489438606635443
KOL001,P026,Grease Cartridge GC-5,7944,2462640,686,96,0.05143727781821325
KOL001,P027,O-Ring Set OR-50,8533,4095840,731,96,0.08555000323999876
KOL001,P028,Light Assembly LA-18,8331,18744750,720,96,0.39152247725325373
KOL001,P029,Pressure Sensor PS-90,9276,36640200,764,96,0.7653055853534813
KOL001,P030,Fuel Pump FP-350,8237,180390300,702,96,3.7678207033146673
PUN001,P001,Hydraulic Pump HP-300,6418,157241000,554,75,4.203070660925558
PUN001,P002,Engine Oil Filter OF-90,6480,4665600,559,75,0.12471204377747713
PUN001,P003,Air Filter AF-120,6449,8061250,544,75,0.21547817277546027
PUN001,P004,Track Chain TC-45,7163,285087400,584,75,7.620420162295767
PUN001,P005,Fuel Injector FI-220,6458,54570100,552,75,1.45866527352137
PUN001,P006,Alternator ALT-500,6786,76003200,575,75,2.031574589683717
PUN001,P007,Hydraulic Hose HH-60,7055,10229750,594,75,0.2734424360923882
PUN001,P008,Bucket Tooth BT-10,6315,3662700,558,75,0.09790440730962052
PUN001,P009,Starter Motor SM-700,6810,101469000,585,75,2.7122784572309726
PUN001,P010,Turbocharger TB-900,6842,238785800,570,75,6.382772878737976
PUN001,P011,Hydraulic Cylinder HC-200,7067,195049200,601,75,5.213688350729143
PUN001,P012,Brake Pad BP-40,6933,16985850,594,75,0.454033793895246
PUN001,P013,Seal Kit SK-15,6394,9271300,564,75,0.24782295341952237
PUN001,P014,Transmission Assembly TA-800,6561,547843500,565,75,14.643922015433446
PUN001,P015,Engine Block EB-600,6603,785757000,542,75,21.00337821126095
PUN001,P016,Radiator RD-250,7060,72012000,591,75,1.9248893382423873
PUN001,P017,Fan Belt FB-30,7083,3683160,609,75,0.09845130554686486
PUN001,P018,Wheel Rim WR-24,6507,73529100,589,75,1.965441601962983
PUN001,P019,Swing Motor SWM-350,6305,250939000,540,75,6.7076293624563466
PUN001,P020,Pivot Pin PP-12,6786,7803900,562,75,0.2085991766193102
PUN001,P021,Boom Cylinder BC-400,6911,319288200,576,75,8.534611620377202
PUN001,P022,Control Valve CV-75,7103,120040700,602,75,3.2087022105364795
PUN001,P023,Idler Wheel IW-55,6599,85457050,574,75,2.284277126349034
PUN001,P024,Track Roller TR-60,6349,65394700,561,75,1.748008120973719
PUN001,P025,Cabin Glass CG-20,6529,51252650,576,75,1.3699894398387586
PUN001,P026,Grease Cartridge GC-5,6383,1978730,539,75,0.05289168861106981
PUN001,P027,O-Ring Set OR-50,7133,3423840,598,75,0.09151965105604365
PUN001,P028,Light Assembly LA-18,6991,15729750,584,75,0.4204580912655973
PUN001,P029,Pressure Sensor PS-90,6887,27203650,577,75,0.7271568050641216
PUN001,P030,Fuel Pump FP-350,6789,148679100,575,75,3.974210054011467
